-- phpMyAdmin SQL Dump
-- version 4.4.15.9
-- https://www.phpmyadmin.net
--
-- Host: localhost
-- Generation Time: Apr 24, 2018 at 03:06 AM
-- Server version: 5.6.37
-- PHP Version: 5.6.31

SET SQL_MODE = "NO_AUTO_VALUE_ON_ZERO";
SET time_zone = "+00:00";


/*!40101 SET @OLD_CHARACTER_SET_CLIENT=@@CHARACTER_SET_CLIENT */;
/*!40101 SET @OLD_CHARACTER_SET_RESULTS=@@CHARACTER_SET_RESULTS */;
/*!40101 SET @OLD_COLLATION_CONNECTION=@@COLLATION_CONNECTION */;
/*!40101 SET NAMES utf8mb4 */;

--
-- Database: `dienluc`
--

-- --------------------------------------------------------

--
-- Table structure for table `ffse1702026_admin`
--

CREATE TABLE IF NOT EXISTS `ffse1702026_admin` (
  `id` int(10) NOT NULL,
  `user_name` varchar(20) COLLATE utf8_unicode_ci NOT NULL,
  `password` varchar(50) COLLATE utf8_unicode_ci NOT NULL
) ENGINE=InnoDB AUTO_INCREMENT=2 DEFAULT CHARSET=utf8 COLLATE=utf8_unicode_ci;

--
-- Dumping data for table `ffse1702026_admin`
--

INSERT INTO `ffse1702026_admin` (`id`, `user_name`, `password`) VALUES
(1, 'sangnguyen', 'e10adc3949ba59abbe56e057f20f883e');

-- --------------------------------------------------------

--
-- Table structure for table `ffse1702026_bienlai`
--

CREATE TABLE IF NOT EXISTS `ffse1702026_bienlai` (
  `id` int(11) NOT NULL,
  `macongto` varchar(50) COLLATE utf8_unicode_ci NOT NULL,
  `date` varchar(30) COLLATE utf8_unicode_ci NOT NULL,
  `chisocu` varchar(30) COLLATE utf8_unicode_ci NOT NULL,
  `chisocongto` varchar(50) COLLATE utf8_unicode_ci NOT NULL,
  `month` varchar(10) COLLATE utf8_unicode_ci NOT NULL,
  `year` varchar(10) COLLATE utf8_unicode_ci NOT NULL,
  `chuky` varchar(50) COLLATE utf8_unicode_ci NOT NULL,
  `selecttime` date NOT NULL
) ENGINE=InnoDB AUTO_INCREMENT=227 DEFAULT CHARSET=utf8 COLLATE=utf8_unicode_ci;

--
-- Dumping data for table `ffse1702026_bienlai`
--

INSERT INTO `ffse1702026_bienlai` (`id`, `macongto`, `date`, `chisocu`, `chisocongto`, `month`, `year`, `chuky`, `selecttime`) VALUES
(26, 'CT_0001', '2018-04-18', '0', '212', '11', '2017', '11-2017', '2017-11-01'),
(27, 'CT_0001', '2018-04-18', '212', '476', '12', '2017', '12-2017', '2017-12-01'),
(28, 'CT_0001', '2018-04-18', '476', '749', '1', '2018', '1-2018', '2018-01-01'),
(29, 'CT_0001', '2018-04-18', '749', '960', '2', '2018', '2-2018', '2018-02-01'),
(30, 'CT_0001', '2018-04-18', '960', '1286', '3', '2018', '3-2018', '2018-03-01'),
(31, 'CT_0002', '2018-04-18', '0', '212', '11', '2017', '11-2017', '2017-11-01'),
(32, 'CT_0002', '2018-04-18', '212', '476', '12', '2017', '12-2017', '2017-12-01'),
(33, 'CT_0002', '2018-04-18', '476', '749', '1', '2018', '1-2018', '2018-01-01'),
(34, 'CT_0002', '2018-04-18', '749', '962', '2', '2018', '2-2018', '2018-02-01'),
(35, 'CT_0002', '2018-04-18', '962', '1286', '3', '2018', '3-2018', '2018-03-01'),
(36, 'CT_0003', '2018-04-18', '0', '212', '11', '2017', '11-2017', '2017-11-01'),
(37, 'CT_0003', '2018-04-18', '212', '476', '12', '2017', '12-2017', '2017-12-01'),
(38, 'CT_0003', '2018-04-18', '476', '749', '1', '2018', '1-2018', '2018-01-01'),
(39, 'CT_0003', '2018-04-18', '749', '962', '2', '2018', '2-2018', '2018-02-01'),
(40, 'CT_0003', '2018-04-18', '962', '1286', '3', '2018', '3-2018', '2018-03-01'),
(41, 'CT_0004', '2018-04-18', '0', '212', '11', '2017', '11-2017', '2017-11-01'),
(42, 'CT_0004', '2018-04-18', '212', '476', '12', '2017', '12-2017', '2017-12-01'),
(43, 'CT_0004', '2018-04-18', '476', '749', '1', '2018', '1-2018', '2018-01-01'),
(44, 'CT_0004', '2018-04-18', '749', '962', '2', '2018', '2-2018', '2018-02-01'),
(45, 'CT_0004', '2018-04-18', '962', '1286', '3', '2018', '3-2018', '2018-03-01'),
(46, 'CT_0005', '2018-04-18', '0', '212', '11', '2017', '11-2017', '2017-11-01'),
(47, 'CT_0005', '2018-04-18', '212', '476', '12', '2017', '12-2017', '2017-12-01'),
(48, 'CT_0005', '2018-04-18', '476', '749', '1', '2018', '1-2018', '2018-01-01'),
(49, 'CT_0005', '2018-04-18', '749', '962', '2', '2018', '2-2018', '2018-02-01'),
(50, 'CT_0005', '2018-04-18', '962', '1286', '3', '2018', '3-2018', '2018-03-01'),
(51, 'CT_0006', '2018-04-18', '0', '212', '11', '2017', '11-2017', '2017-11-01'),
(52, 'CT_0006', '2018-04-18', '212', '476', '12', '2017', '12-2017', '2017-12-01'),
(53, 'CT_0006', '2018-04-18', '476', '749', '1', '2018', '1-2018', '2018-01-01'),
(54, 'CT_0006', '2018-04-18', '749', '962', '2', '2018', '2-2018', '2018-02-01'),
(55, 'CT_0006', '2018-04-18', '962', '1286', '3', '2018', '3-2018', '2018-03-01'),
(56, 'CT_0007', '2018-04-18', '0', '212', '11', '2017', '11-2017', '2017-11-01'),
(57, 'CT_0007', '2018-04-18', '212', '476', '12', '2017', '12-2017', '2017-12-01'),
(58, 'CT_0007', '2018-04-18', '476', '749', '1', '2018', '1-2018', '2018-01-01'),
(59, 'CT_0007', '2018-04-18', '749', '962', '2', '2018', '2-2018', '2018-02-01'),
(60, 'CT_0007', '2018-04-18', '962', '1286', '3', '2018', '3-2018', '2018-03-01'),
(61, 'CT_0008', '2018-04-18', '0', '212', '11', '2017', '11-2017', '2017-11-01'),
(62, 'CT_0008', '2018-04-18', '212', '476', '12', '2017', '12-2017', '2017-12-01'),
(63, 'CT_0008', '2018-04-18', '476', '749', '1', '2018', '1-2018', '2018-01-01'),
(64, 'CT_0008', '2018-04-18', '749', '962', '2', '2018', '2-2018', '2018-02-01'),
(65, 'CT_0008', '2018-04-18', '962', '1286', '3', '2018', '3-2018', '2018-03-01'),
(66, 'CT_0009', '2018-04-18', '0', '212', '11', '2017', '11-2017', '2017-11-01'),
(67, 'CT_0009', '2018-04-18', '212', '476', '12', '2017', '12-2017', '2017-12-01'),
(68, 'CT_0009', '2018-04-18', '476', '749', '1', '2018', '1-2018', '2018-01-01'),
(69, 'CT_0009', '2018-04-18', '749', '962', '2', '2018', '2-2018', '2018-02-01'),
(70, 'CT_0009', '2018-04-18', '962', '1286', '3', '2018', '3-2018', '2018-03-01'),
(71, 'CT_0010', '2018-04-18', '0', '212', '11', '2017', '11-2017', '2017-11-01'),
(72, 'CT_0010', '2018-04-18', '212', '476', '12', '2017', '12-2017', '2017-12-01'),
(73, 'CT_0010', '2018-04-18', '476', '749', '1', '2018', '1-2018', '2018-01-01'),
(74, 'CT_0010', '2018-04-18', '749', '962', '2', '2018', '2-2018', '2018-02-01'),
(75, 'CT_0010', '2018-04-18', '962', '1286', '3', '2018', '3-2018', '2018-03-01'),
(76, 'CT_0011', '2018-04-18', '0', '212', '11', '2017', '11-2017', '2017-11-01'),
(77, 'CT_0011', '2018-04-18', '212', '476', '12', '2017', '12-2017', '2017-12-01'),
(78, 'CT_0011', '2018-04-18', '476', '749', '1', '2018', '1-2018', '2018-01-01'),
(79, 'CT_0011', '2018-04-18', '749', '962', '2', '2018', '2-2018', '2018-02-01'),
(80, 'CT_0011', '2018-04-18', '962', '1286', '3', '2018', '3-2018', '2018-03-01'),
(81, 'CT_0012', '2018-04-18', '0', '212', '11', '2017', '11-2017', '2017-11-01'),
(82, 'CT_0012', '2018-04-18', '212', '476', '12', '2017', '12-2017', '2017-12-01'),
(83, 'CT_0012', '2018-04-18', '476', '749', '1', '2018', '1-2018', '2018-01-01'),
(84, 'CT_0012', '2018-04-18', '749', '962', '2', '2018', '2-2018', '2018-02-01'),
(85, 'CT_0012', '2018-04-18', '962', '1286', '3', '2018', '3-2018', '2018-03-01'),
(86, 'CT_0013', '2018-04-18', '0', '212', '11', '2017', '11-2017', '2017-11-01'),
(87, 'CT_0013', '2018-04-18', '212', '476', '12', '2017', '12-2017', '2017-12-01'),
(88, 'CT_0013', '2018-04-18', '476', '749', '1', '2018', '1-2018', '2018-01-01'),
(89, 'CT_0013', '2018-04-18', '749', '962', '2', '2018', '2-2018', '2018-02-01'),
(90, 'CT_0013', '2018-04-18', '962', '1286', '3', '2018', '3-2018', '2018-03-01'),
(91, 'CT_0014', '2018-04-18', '0', '212', '11', '2017', '11-2017', '2017-11-01'),
(92, 'CT_0014', '2018-04-18', '212', '476', '12', '2017', '12-2017', '2017-12-01'),
(93, 'CT_0014', '2018-04-18', '476', '749', '1', '2018', '1-2018', '2018-01-01'),
(94, 'CT_0014', '2018-04-18', '749', '962', '2', '2018', '2-2018', '2018-02-01'),
(95, 'CT_0014', '2018-04-18', '962', '1286', '3', '2018', '3-2018', '2018-03-01'),
(96, 'CT_0015', '2018-04-18', '0', '212', '11', '2017', '11-2017', '2017-11-01'),
(97, 'CT_0015', '2018-04-18', '212', '476', '12', '2017', '12-2017', '2017-12-01'),
(98, 'CT_0015', '2018-04-18', '476', '749', '1', '2018', '1-2018', '2018-01-01'),
(99, 'CT_0015', '2018-04-18', '749', '962', '2', '2018', '2-2018', '2018-02-01'),
(100, 'CT_0015', '2018-04-18', '962', '1286', '3', '2018', '3-2018', '2018-03-01'),
(101, 'CT_0016', '2018-04-18', '0', '212', '11', '2017', '11-2017', '2017-11-01'),
(102, 'CT_0016', '2018-04-18', '212', '476', '12', '2017', '12-2017', '2017-12-01'),
(103, 'CT_0016', '2018-04-18', '476', '749', '1', '2018', '1-2018', '2018-01-01'),
(104, 'CT_0016', '2018-04-18', '749', '962', '2', '2018', '2-2018', '2018-02-01'),
(105, 'CT_0016', '2018-04-18', '962', '1286', '3', '2018', '3-2018', '2018-03-01'),
(106, 'CT_0017', '2018-04-18', '0', '212', '11', '2017', '11-2017', '2017-11-01'),
(107, 'CT_0017', '2018-04-18', '212', '476', '12', '2017', '12-2017', '2017-12-01'),
(108, 'CT_0017', '2018-04-18', '476', '749', '1', '2018', '1-2018', '2018-01-01'),
(109, 'CT_0017', '2018-04-18', '749', '962', '2', '2018', '2-2018', '2018-02-01'),
(110, 'CT_0017', '2018-04-18', '962', '1286', '3', '2018', '3-2018', '2018-03-01'),
(111, 'CT_0018', '2018-04-18', '0', '212', '11', '2017', '11-2017', '2017-11-01'),
(112, 'CT_0018', '2018-04-18', '212', '476', '12', '2017', '12-2017', '2017-12-01'),
(113, 'CT_0018', '2018-04-18', '476', '749', '1', '2018', '1-2018', '2018-01-01'),
(114, 'CT_0018', '2018-04-18', '749', '962', '2', '2018', '2-2018', '2018-02-01'),
(115, 'CT_0018', '2018-04-18', '962', '1286', '3', '2018', '3-2018', '2018-03-01'),
(116, 'CT_0019', '2018-04-18', '0', '212', '11', '2017', '11-2017', '2017-11-01'),
(117, 'CT_0019', '2018-04-18', '212', '476', '12', '2017', '12-2017', '2017-12-01'),
(118, 'CT_0019', '2018-04-18', '476', '749', '1', '2018', '1-2018', '2018-01-01'),
(119, 'CT_0019', '2018-04-18', '749', '962', '2', '2018', '2-2018', '2018-02-01'),
(120, 'CT_0019', '2018-04-18', '962', '1286', '3', '2018', '3-2018', '2018-03-01'),
(121, 'CT_0020', '2018-04-18', '0', '212', '11', '2017', '11-2017', '2017-11-01'),
(122, 'CT_0020', '2018-04-18', '212', '476', '12', '2017', '12-2017', '2017-12-01'),
(123, 'CT_0020', '2018-04-18', '476', '749', '1', '2018', '1-2018', '2018-01-01'),
(124, 'CT_0020', '2018-04-18', '749', '962', '2', '2018', '2-2018', '2018-02-01'),
(125, 'CT_0020', '2018-04-18', '962', '1286', '3', '2018', '3-2018', '2018-03-01'),
(126, 'CT_0021', '2018-04-18', '0', '212', '11', '2017', '11-2017', '2017-11-01'),
(127, 'CT_0021', '2018-04-18', '212', '476', '12', '2017', '12-2017', '2017-12-01'),
(128, 'CT_0021', '2018-04-18', '476', '749', '1', '2018', '1-2018', '2018-01-01'),
(129, 'CT_0021', '2018-04-18', '749', '962', '2', '2018', '2-2018', '2018-02-01'),
(130, 'CT_0021', '2018-04-18', '962', '1286', '3', '2018', '3-2018', '2018-03-01'),
(131, 'CT_0022', '2018-04-18', '0', '212', '11', '2017', '11-2017', '2017-11-01'),
(132, 'CT_0022', '2018-04-18', '212', '476', '12', '2017', '12-2017', '2017-12-01'),
(133, 'CT_0022', '2018-04-18', '476', '749', '1', '2018', '1-2018', '2018-01-01'),
(134, 'CT_0022', '2018-04-18', '749', '962', '2', '2018', '2-2018', '2018-02-01'),
(135, 'CT_0022', '2018-04-18', '962', '1286', '3', '2018', '3-2018', '2018-03-01'),
(136, 'CT_0023', '2018-04-18', '0', '212', '11', '2017', '11-2017', '2017-11-01'),
(137, 'CT_0023', '2018-04-18', '212', '476', '12', '2017', '12-2017', '2017-12-01'),
(138, 'CT_0023', '2018-04-18', '476', '749', '1', '2018', '1-2018', '2018-01-01'),
(139, 'CT_0023', '2018-04-18', '749', '962', '2', '2018', '2-2018', '2018-02-01'),
(140, 'CT_0023', '2018-04-18', '962', '1286', '3', '2018', '3-2018', '2018-03-01'),
(141, 'CT_0024', '2018-04-18', '0', '212', '11', '2017', '11-2017', '2017-11-01'),
(142, 'CT_0024', '2018-04-18', '212', '476', '12', '2017', '12-2017', '2017-12-01'),
(143, 'CT_0024', '2018-04-18', '476', '749', '1', '2018', '1-2018', '2018-01-01'),
(144, 'CT_0024', '2018-04-18', '749', '962', '2', '2018', '2-2018', '2018-02-01'),
(145, 'CT_0024', '2018-04-18', '962', '1286', '3', '2018', '3-2018', '2018-03-01'),
(146, 'CT_0025', '2018-04-18', '0', '212', '11', '2017', '11-2017', '2017-11-01'),
(147, 'CT_0025', '2018-04-18', '212', '476', '12', '2017', '12-2017', '2017-12-01'),
(148, 'CT_0025', '2018-04-18', '476', '749', '1', '2018', '1-2018', '2018-01-01'),
(149, 'CT_0025', '2018-04-18', '749', '962', '2', '2018', '2-2018', '2018-02-01'),
(150, 'CT_0025', '2018-04-18', '962', '1286', '3', '2018', '3-2018', '2018-03-01'),
(151, 'CT_0026', '2018-04-18', '0', '212', '11', '2017', '11-2017', '2017-11-01'),
(152, 'CT_0026', '2018-04-18', '212', '476', '12', '2017', '12-2017', '2017-12-01'),
(153, 'CT_0026', '2018-04-18', '476', '749', '1', '2018', '1-2018', '2018-01-01'),
(154, 'CT_0026', '2018-04-18', '749', '962', '2', '2018', '2-2018', '2018-02-01'),
(155, 'CT_0026', '2018-04-18', '962', '1286', '3', '2018', '3-2018', '2018-03-01'),
(156, 'CT_0027', '2018-04-18', '0', '212', '11', '2017', '11-2017', '2017-11-01'),
(157, 'CT_0027', '2018-04-18', '212', '476', '12', '2017', '12-2017', '2017-12-01'),
(158, 'CT_0027', '2018-04-18', '476', '749', '1', '2018', '1-2018', '2018-01-01'),
(159, 'CT_0027', '2018-04-18', '749', '962', '2', '2018', '2-2018', '2018-02-01'),
(160, 'CT_0027', '2018-04-18', '962', '1286', '3', '2018', '3-2018', '2018-03-01'),
(161, 'CT_0028', '2018-04-18', '0', '212', '11', '2017', '11-2017', '2017-11-01'),
(162, 'CT_0028', '2018-04-18', '212', '476', '12', '2017', '12-2017', '2017-12-01'),
(163, 'CT_0028', '2018-04-18', '476', '749', '1', '2018', '1-2018', '2018-01-01'),
(164, 'CT_0028', '2018-04-18', '749', '962', '2', '2018', '2-2018', '2018-02-01'),
(165, 'CT_0028', '2018-04-18', '962', '1286', '3', '2018', '3-2018', '2018-03-01'),
(166, 'CT_0029', '2018-04-18', '0', '212', '11', '2017', '11-2017', '2017-11-01'),
(167, 'CT_0029', '2018-04-18', '212', '476', '12', '2017', '12-2017', '2017-12-01'),
(168, 'CT_0029', '2018-04-18', '476', '749', '1', '2018', '1-2018', '2018-01-01'),
(169, 'CT_0029', '2018-04-18', '749', '962', '2', '2018', '2-2018', '2018-02-01'),
(170, 'CT_0029', '2018-04-18', '962', '1286', '3', '2018', '3-2018', '2018-03-01'),
(171, 'CT_0030', '2018-04-18', '0', '212', '11', '2017', '11-2017', '2017-11-01'),
(172, 'CT_0030', '2018-04-18', '212', '476', '12', '2017', '12-2017', '2017-12-01'),
(173, 'CT_0030', '2018-04-18', '476', '749', '1', '2018', '1-2018', '2018-01-01'),
(174, 'CT_0030', '2018-04-18', '749', '962', '2', '2018', '2-2018', '2018-02-01'),
(175, 'CT_0030', '2018-04-18', '962', '1286', '3', '2018', '3-2018', '2018-03-01'),
(176, 'CT_0031', '2018-04-18', '0', '212', '11', '2017', '11-2017', '2017-11-01'),
(177, 'CT_0031', '2018-04-18', '212', '476', '12', '2017', '12-2017', '2017-12-01'),
(178, 'CT_0031', '2018-04-18', '476', '749', '1', '2018', '1-2018', '2018-01-01'),
(179, 'CT_0031', '2018-04-18', '749', '962', '2', '2018', '2-2018', '2018-02-01'),
(180, 'CT_0031', '2018-04-18', '962', '1286', '3', '2018', '3-2018', '2018-03-01'),
(181, 'CT_0032', '2018-04-18', '0', '212', '11', '2017', '11-2017', '2017-11-01'),
(182, 'CT_0032', '2018-04-18', '212', '476', '12', '2017', '12-2017', '2017-12-01'),
(183, 'CT_0032', '2018-04-18', '476', '749', '1', '2018', '1-2018', '2018-01-01'),
(184, 'CT_0032', '2018-04-18', '749', '962', '2', '2018', '2-2018', '2018-02-01'),
(185, 'CT_0032', '2018-04-18', '962', '1286', '3', '2018', '3-2018', '2018-03-01'),
(186, 'CT_0033', '2018-04-18', '0', '212', '11', '2017', '11-2017', '2017-11-01'),
(187, 'CT_0033', '2018-04-18', '212', '476', '12', '2017', '12-2017', '2017-12-01'),
(188, 'CT_0033', '2018-04-18', '476', '749', '1', '2018', '1-2018', '2018-01-01'),
(189, 'CT_0033', '2018-04-18', '749', '962', '2', '2018', '2-2018', '2018-02-01'),
(190, 'CT_0033', '2018-04-18', '962', '1286', '3', '2018', '3-2018', '2018-03-01'),
(191, 'CT_0034', '2018-04-18', '0', '212', '11', '2017', '11-2017', '2017-11-01'),
(192, 'CT_0034', '2018-04-18', '212', '476', '12', '2017', '12-2017', '2017-12-01'),
(193, 'CT_0034', '2018-04-18', '476', '749', '1', '2018', '1-2018', '2018-01-01'),
(194, 'CT_0034', '2018-04-18', '749', '962', '2', '2018', '2-2018', '2018-02-01'),
(195, 'CT_0034', '2018-04-18', '962', '1286', '3', '2018', '3-2018', '2018-03-01'),
(196, 'CT_0035', '2018-04-18', '0', '212', '11', '2017', '11-2017', '2017-11-01'),
(197, 'CT_0035', '2018-04-18', '212', '476', '12', '2017', '12-2017', '2017-12-01'),
(198, 'CT_0035', '2018-04-18', '476', '749', '1', '2018', '1-2018', '2018-01-01'),
(199, 'CT_0035', '2018-04-18', '749', '962', '2', '2018', '2-2018', '2018-02-01'),
(200, 'CT_0035', '2018-04-18', '962', '1286', '3', '2018', '3-2018', '2018-03-01'),
(201, 'CT_0036', '2018-04-18', '0', '212', '11', '2017', '11-2017', '2017-11-01'),
(202, 'CT_0036', '2018-04-18', '212', '476', '12', '2017', '12-2017', '2017-12-01'),
(203, 'CT_0036', '2018-04-18', '476', '749', '1', '2018', '1-2018', '2018-01-01'),
(204, 'CT_0036', '2018-04-18', '749', '962', '2', '2018', '2-2018', '2018-02-01'),
(205, 'CT_0036', '2018-04-18', '962', '1286', '3', '2018', '3-2018', '2018-03-01'),
(206, 'CT_0037', '2018-04-18', '0', '212', '11', '2017', '11-2017', '2017-11-01'),
(207, 'CT_0037', '2018-04-18', '212', '476', '12', '2017', '12-2017', '2017-12-01'),
(208, 'CT_0037', '2018-04-18', '476', '749', '1', '2018', '1-2018', '2018-01-01'),
(209, 'CT_0037', '2018-04-18', '749', '962', '2', '2018', '2-2018', '2018-02-01'),
(210, 'CT_0037', '2018-04-18', '962', '1286', '3', '2018', '3-2018', '2018-03-01'),
(211, 'CT_0038', '2018-04-18', '0', '212', '11', '2017', '11-2017', '2017-11-01'),
(212, 'CT_0038', '2018-04-18', '212', '476', '12', '2017', '12-2017', '2017-12-01'),
(213, 'CT_0038', '2018-04-18', '476', '749', '1', '2018', '1-2018', '2018-01-01'),
(214, 'CT_0038', '2018-04-18', '749', '962', '2', '2018', '2-2018', '2018-02-01'),
(215, 'CT_0038', '2018-04-18', '962', '1286', '3', '2018', '3-2018', '2018-03-01'),
(216, 'CT_0039', '2018-04-18', '0', '212', '11', '2017', '11-2017', '2017-11-01'),
(217, 'CT_0039', '2018-04-18', '212', '476', '12', '2017', '12-2017', '2017-12-01'),
(218, 'CT_0039', '2018-04-18', '476', '749', '1', '2018', '1-2018', '2018-01-01'),
(219, 'CT_0039', '2018-04-18', '749', '962', '2', '2018', '2-2018', '2018-02-01'),
(220, 'CT_0039', '2018-04-18', '962', '1286', '3', '2018', '3-2018', '2018-03-01'),
(221, 'CT_0040', '2018-04-18', '0', '212', '11', '2017', '11-2017', '2017-11-01'),
(222, 'CT_0040', '2018-04-18', '212', '476', '12', '2017', '12-2017', '2017-12-01'),
(223, 'CT_0040', '2018-04-18', '476', '749', '1', '2018', '1-2018', '2018-01-01'),
(224, 'CT_0040', '2018-04-18', '749', '962', '2', '2018', '2-2018', '2018-02-01'),
(225, 'CT_0040', '2018-04-18', '962', '1286', '3', '2018', '3-2018', '2018-03-01'),
(226, 'CT_0001', '2018-04-20', '1286', '1300', '4', '2018', '4-2018', '2018-04-01');

-- --------------------------------------------------------

--
-- Table structure for table `ffse1702026_phuong`
--

CREATE TABLE IF NOT EXISTS `ffse1702026_phuong` (
  `id` int(11) NOT NULL,
  `id_quan` int(11) NOT NULL,
  `name` varchar(50) COLLATE utf8_unicode_ci NOT NULL
) ENGINE=InnoDB AUTO_INCREMENT=30 DEFAULT CHARSET=utf8 COLLATE=utf8_unicode_ci;

--
-- Dumping data for table `ffse1702026_phuong`
--

INSERT INTO `ffse1702026_phuong` (`id`, `id_quan`, `name`) VALUES
(1, 1, 'Bình Hiên'),
(2, 1, 'Bình Thuận'),
(3, 1, 'Hải Châu 1'),
(4, 1, 'Hải Châu 2'),
(5, 1, 'Hòa Cường Bắc'),
(6, 1, 'Hòa Cường Nam'),
(7, 2, 'An Khê'),
(8, 2, 'Chính Gián'),
(9, 2, 'Hòa Khê'),
(10, 2, 'Tam Thuận'),
(11, 2, 'Tân Chính'),
(12, 2, 'Thạc Gián'),
(13, 2, 'Thanh Khê Đông'),
(14, 3, 'An Hải Bắc'),
(15, 3, ' An Hải Tây'),
(16, 3, ' An Hải Đông'),
(17, 3, ' Mân Thái'),
(18, 3, ' Nại Hiên Đông'),
(19, 3, ' Phước Mỹ'),
(20, 3, ' Thọ Quang'),
(21, 4, 'Hải Hòa'),
(22, 4, 'Hòa Quý'),
(23, 4, 'Khuê Mỹ'),
(24, 4, 'Mỹ An'),
(26, 0, '5'),
(27, 0, '5'),
(28, 0, '5'),
(29, 0, '5');

-- --------------------------------------------------------

--
-- Table structure for table `ffse1702026_quan`
--

CREATE TABLE IF NOT EXISTS `ffse1702026_quan` (
  `id` int(11) NOT NULL,
  `name` varchar(50) COLLATE utf8_unicode_ci NOT NULL
) ENGINE=InnoDB AUTO_INCREMENT=5 DEFAULT CHARSET=utf8 COLLATE=utf8_unicode_ci;

--
-- Dumping data for table `ffse1702026_quan`
--

INSERT INTO `ffse1702026_quan` (`id`, `name`) VALUES
(1, 'Hải Châu'),
(2, 'Thanh Khê'),
(3, 'Sơn Trà'),
(4, 'Ngũ Hành Sơn');

-- --------------------------------------------------------

--
-- Table structure for table `ffse1702026_user`
--

CREATE TABLE IF NOT EXISTS `ffse1702026_user` (
  `id` int(11) NOT NULL,
  `maKH` varchar(20) COLLATE utf8_unicode_ci NOT NULL,
  `name` varchar(255) COLLATE utf8_unicode_ci NOT NULL,
  `address` varchar(255) COLLATE utf8_unicode_ci NOT NULL,
  `phone` varchar(20) COLLATE utf8_unicode_ci NOT NULL,
  `email` varchar(255) COLLATE utf8_unicode_ci NOT NULL,
  `phuong` varchar(15) COLLATE utf8_unicode_ci NOT NULL,
  `quan` varchar(15) COLLATE utf8_unicode_ci NOT NULL,
  `macongto` varchar(50) COLLATE utf8_unicode_ci NOT NULL
) ENGINE=InnoDB AUTO_INCREMENT=120 DEFAULT CHARSET=utf8 COLLATE=utf8_unicode_ci;

--
-- Dumping data for table `ffse1702026_user`
--

INSERT INTO `ffse1702026_user` (`id`, `maKH`, `name`, `address`, `phone`, `email`, `phuong`, `quan`, `macongto`) VALUES
(80, 'KH_0001', 'Nguyễn Văn A', '48 ,Bùi Thị Xuân', '972886001', 'quanlytiendien_001@gmail.com', 'Bình Hiên', 'Hải Châu', 'CT_0001'),
(81, 'KH_0002', 'Trần Thị C', '49,Tôn Thất Đạm', '972886002', 'quanlytiendien_002@gmail.com', 'Bình Hiên', 'Hải Châu', 'CT_0002'),
(82, 'KH_0003', 'Trần Văn D', '50 ,Hà Huy Tập', '972886003', 'quanlytiendien_003@gmail.com', 'Bình Hiên', 'Hải Châu', 'CT_0003'),
(83, 'KH_0004', 'Huỳnh Văn T', '53, Bạch Dằng', '972886004', 'quanlytiendien_004@gmail.com', 'Bình Hiên', 'Hải Châu', 'CT_0004'),
(84, 'KH_0005', 'Lê Văn K', '15, Ngô Thì Nhậm', '972886005', 'quanlytiendien_005@gmail.com', 'Bình Hiên', 'Hải Châu', 'CT_0005'),
(85, 'KH_0006', 'Nguyễn Văn A', '48 ,Bùi Thị Xuân', '972886006', 'quanlytiendien_006@gmail.com', 'Bình Thuận', 'Hải Châu', 'CT_0006'),
(86, 'KH_0007', 'Trần Thị C', '49,Tôn Thất Đạm', '972886007', 'quanlytiendien_007@gmail.com', 'Bình Thuận', 'Hải Châu', 'CT_0007'),
(87, 'KH_0008', 'Trần Văn D', '50 ,Hà Huy Tập', '972886008', 'quanlytiendien_008@gmail.com', 'Bình Thuận', 'Hải Châu', 'CT_0008'),
(88, 'KH_0009', 'Huỳnh Văn T', '53, Bạch Dằng', '972886009', 'quanlytiendien_009@gmail.com', 'Bình Thuận', 'Hải Châu', 'CT_0009'),
(89, 'KH_0010', 'Lê Văn K', '15, Ngô Thì Nhậm', '972886010', 'quanlytiendien_010@gmail.com', 'Bình Thuận', 'Hải Châu', 'CT_0010'),
(90, 'KH_0011', 'Nguyễn Văn A', '48 ,Bùi Thị Xuân', '972886011', 'quanlytiendien_011@gmail.com', 'An Khê', 'Thanh Khê', 'CT_0011'),
(91, 'KH_0012', 'Trần Thị C', '49,Tôn Thất Đạm', '972886012', 'quanlytiendien_012@gmail.com', 'An Khê', 'Thanh Khê', 'CT_0012'),
(92, 'KH_0013', 'Trần Văn D', '50 ,Hà Huy Tập', '972886013', 'quanlytiendien_013@gmail.com', 'An Khê', 'Thanh Khê', 'CT_0013'),
(93, 'KH_0014', 'Huỳnh Văn T', '53, Bạch Dằng', '972886014', 'quanlytiendien_014@gmail.com', 'An Khê', 'Thanh Khê', 'CT_0014'),
(94, 'KH_0015', 'Lê Văn K', '15, Ngô Thì Nhậm', '972886015', 'quanlytiendien_015@gmail.com', 'An Khê', 'Thanh Khê', 'CT_0015'),
(95, 'KH_0016', 'Nguyễn Văn A', '48 ,Bùi Thị Xuân', '972886016', 'quanlytiendien_016@gmail.com', 'Chính Gián', 'Thanh Khê', 'CT_0016'),
(96, 'KH_0017', 'Trần Thị C', '49,Tôn Thất Đạm', '972886017', 'quanlytiendien_017@gmail.com', 'Chính Gián', 'Thanh Khê', 'CT_0017'),
(97, 'KH_0018', 'Trần Văn D', '50 ,Hà Huy Tập', '972886018', 'quanlytiendien_018@gmail.com', 'Chính Gián', 'Thanh Khê', 'CT_0018'),
(98, 'KH_0019', 'Huỳnh Văn T', '53, Bạch Dằng', '972886019', 'quanlytiendien_019@gmail.com', 'Chính Gián', 'Thanh Khê', 'CT_0019'),
(99, 'KH_0020', 'Lê Văn K', '15, Ngô Thì Nhậm', '972886020', 'quanlytiendien_020@gmail.com', 'Chính Gián', 'Thanh Khê', 'CT_0020'),
(100, 'KH_0021', 'Nguyễn Văn A', '48 ,Bùi Thị Xuân', '972886021', 'quanlytiendien_021@gmail.com', 'An Hải Bắc', 'Sơn Trà', 'CT_0021'),
(101, 'KH_0022', 'Trần Thị C', '49,Tôn Thất Đạm', '972886022', 'quanlytiendien_022@gmail.com', 'An Hải Bắc', 'Sơn Trà', 'CT_0022'),
(102, 'KH_0023', 'Trần Văn D', '50 ,Hà Huy Tập', '972886023', 'quanlytiendien_023@gmail.com', 'An Hải Bắc', 'Sơn Trà', 'CT_0023'),
(103, 'KH_0024', 'Huỳnh Văn T', '53, Bạch Dằng', '972886024', 'quanlytiendien_024@gmail.com', 'An Hải Bắc', 'Sơn Trà', 'CT_0024'),
(104, 'KH_0025', 'Lê Văn K', '15, Ngô Thì Nhậm', '972886025', 'quanlytiendien_025@gmail.com', 'An Hải Bắc', 'Sơn Trà', 'CT_0025'),
(105, 'KH_0026', 'Nguyễn Văn A', '48 ,Bùi Thị Xuân', '972886026', 'quanlytiendien_026@gmail.com', 'An Hải Tây', 'Sơn Trà', 'CT_0026'),
(106, 'KH_0027', 'Trần Thị C', '49,Tôn Thất Đạm', '972886027', 'quanlytiendien_027@gmail.com', 'An Hải Tây', 'Sơn Trà', 'CT_0027'),
(107, 'KH_0028', 'Trần Văn D', '50 ,Hà Huy Tập', '972886028', 'quanlytiendien_028@gmail.com', 'An Hải Tây', 'Sơn Trà', 'CT_0028'),
(108, 'KH_0029', 'Huỳnh Văn T', '53, Bạch Dằng', '972886029', 'quanlytiendien_029@gmail.com', 'An Hải Tây', 'Sơn Trà', 'CT_0029'),
(109, 'KH_0030', 'Lê Văn K', '15, Ngô Thì Nhậm', '972886030', 'quanlytiendien_030@gmail.com', 'An Hải Tây', 'Sơn Trà', 'CT_0030'),
(110, 'KH_0031', 'Nguyễn Văn A', '48 ,Bùi Thị Xuân', '972886021', 'quanlytiendien_021@gmail.com', 'Hải Hòa', 'Ngũ Hành Sơn', 'CT_0031'),
(111, 'KH_0032', 'Trần Thị C', '49,Tôn Thất Đạm', '972886022', 'quanlytiendien_022@gmail.com', 'Hải Hòa', 'Ngũ Hành Sơn', 'CT_0032'),
(112, 'KH_0033', 'Trần Văn D', '50 ,Hà Huy Tập', '972886023', 'quanlytiendien_023@gmail.com', 'Hải Hòa', 'Ngũ Hành Sơn', 'CT_0033'),
(113, 'KH_0034', 'Huỳnh Văn T', '53, Bạch Dằng', '972886024', 'quanlytiendien_024@gmail.com', 'Hải Hòa', 'Ngũ Hành Sơn', 'CT_0034'),
(114, 'KH_0035', 'Lê Văn K', '15, Ngô Thì Nhậm', '972886025', 'quanlytiendien_025@gmail.com', 'Hải Hòa', 'Ngũ Hành Sơn', 'CT_0035'),
(115, 'KH_0036', 'Nguyễn Văn A', '48 ,Bùi Thị Xuân', '972886026', 'quanlytiendien_026@gmail.com', 'Hòa Quý', 'Ngũ Hành Sơn', 'CT_0036'),
(116, 'KH_0037', 'Trần Thị C', '49,Tôn Thất Đạm', '972886027', 'quanlytiendien_027@gmail.com', 'Hòa Quý', 'Ngũ Hành Sơn', 'CT_0037'),
(117, 'KH_0038', 'Trần Văn D', '50 ,Hà Huy Tập', '972886028', 'quanlytiendien_028@gmail.com', 'Hòa Quý', 'Ngũ Hành Sơn', 'CT_0038'),
(118, 'KH_0039', 'Huỳnh Văn T', '53, Bạch Dằng', '972886029', 'quanlytiendien_029@gmail.com', 'Hòa Quý', 'Ngũ Hành Sơn', 'CT_0039'),
(119, 'KH_0040', 'Lê Văn K', '15, Ngô Thì Nhậm', '972886030', 'quanlytiendien_030@gmail.com', 'Hòa Quý', 'Ngũ Hành Sơn', 'CT_0040');

--
-- Indexes for dumped tables
--

--
-- Indexes for table `ffse1702026_admin`
--
ALTER TABLE `ffse1702026_admin`
  ADD PRIMARY KEY (`id`);

--
-- Indexes for table `ffse1702026_bienlai`
--
ALTER TABLE `ffse1702026_bienlai`
  ADD PRIMARY KEY (`id`);

--
-- Indexes for table `ffse1702026_phuong`
--
ALTER TABLE `ffse1702026_phuong`
  ADD PRIMARY KEY (`id`);

--
-- Indexes for table `ffse1702026_quan`
--
ALTER TABLE `ffse1702026_quan`
  ADD PRIMARY KEY (`id`);

--
-- Indexes for table `ffse1702026_user`
--
ALTER TABLE `ffse1702026_user`
  ADD PRIMARY KEY (`id`);

--
-- AUTO_INCREMENT for dumped tables
--

--
-- AUTO_INCREMENT for table `ffse1702026_admin`
--
ALTER TABLE `ffse1702026_admin`
  MODIFY `id` int(10) NOT NULL AUTO_INCREMENT,AUTO_INCREMENT=2;
--
-- AUTO_INCREMENT for table `ffse1702026_bienlai`
--
ALTER TABLE `ffse1702026_bienlai`
  MODIFY `id` int(11) NOT NULL AUTO_INCREMENT,AUTO_INCREMENT=227;
--
-- AUTO_INCREMENT for table `ffse1702026_phuong`
--
ALTER TABLE `ffse1702026_phuong`
  MODIFY `id` int(11) NOT NULL AUTO_INCREMENT,AUTO_INCREMENT=30;
--
-- AUTO_INCREMENT for table `ffse1702026_quan`
--
ALTER TABLE `ffse1702026_quan`
  MODIFY `id` int(11) NOT NULL AUTO_INCREMENT,AUTO_INCREMENT=5;
--
-- AUTO_INCREMENT for table `ffse1702026_user`
--
ALTER TABLE `ffse1702026_user`
  MODIFY `id` int(11) NOT NULL AUTO_INCREMENT,AUTO_INCREMENT=120;
/*!40101 SET CHARACTER_SET_CLIENT=@OLD_CHARACTER_SET_CLIENT */;
/*!40101 SET CHARACTER_SET_RESULTS=@OLD_CHARACTER_SET_RESULTS */;
/*!40101 SET COLLATION_CONNECTION=@OLD_COLLATION_CONNECTION */;
